{
  "version": 1,
  "author": "Pranav Tarkase",
  "editor": "wokwi",
  "parts": [
    {
      "type": "board-esp32-s3-devkitc-1",
      "id": "esp",
      "top": -38.58,
      "left": -33.83,
      "attrs": {}
    },
    { "type": "wokwi-relay-module", "id": "relay1", "top": 38.6, "left": 182.4, "attrs": {} },
    {
      "type": "wokwi-buzzer",
      "id": "bz1",
      "top": -141.6,
      "left": 261,
      "attrs": { "volume": "0.1" }
    },
    {
      "type": "wokwi-pushbutton",
      "id": "btn1",
      "top": -51.4,
      "left": 144,
      "attrs": { "color": "green", "xray": "1" }
    },
    { "type": "wokwi-led", "id": "led1", "top": 34.8, "left": 330.2, "attrs": { "color": "red" } },
    {
      "type": "wokwi-resistor",
      "id": "r2",
      "top": 119.15,
      "left": 240,
      "attrs": { "value": "220000" }
    }
  ],
  "connections": [
    [ "esp:TX", "$serialMonitor:RX", "", [] ],
    [ "esp:RX", "$serialMonitor:TX", "", [] ],
    [ "esp:15", "btn1:1.l", "green", [ "h-57.65", "v-105.6", "h220.8", "v9.6" ] ],
    [ "esp:GND.3", "btn1:2.r", "black", [ "h105.6", "v-182.4", "h76.8", "v-19.2" ] ],
    [ "esp:4", "relay1:IN", "black", [ "h-67.25", "v-76.8", "h192", "v153.6", "h86.4" ] ],
    [ "esp:5V", "relay1:VCC", "blue", [ "h-38.45", "v-259.2", "h192", "v134.4", "h57.6" ] ],
    [
      "esp:GND.1",
      "relay1:GND",
      "violet",
      [ "h-86.45", "v-259.2", "h19.2", "v0", "h211.2", "v134.4" ]
    ],
    [ "led1:A", "relay1:NO", "green", [ "v28.8", "h-38.4", "v0", "h0", "v-28.8" ] ],
    [ "led1:C", "r2:2", "green", [ "v0" ] ],
    [ "r2:1", "esp:GND.4", "green", [ "v0" ] ],
    [
      "esp:3V3.2",
      "relay1:COM",
      "green",
      [ "h-105.65", "v220.8", "h0", "v28.8", "h460.8", "v-182.4", "h-28.8" ]
    ],
    [ "bz1:1", "esp:16", "green", [ "v288", "h-374.4", "v-163.2" ] ]
  ],
  "dependencies": {}
}